ID;IdCliente;FechaRecepcion;IdTipoEquipo;RAM;PlacaMadre;MarcaModelo;Microprocesador;Almacenamiento;CdDvd;Fuente;Adicionales;NumSerie;IdTipoServicio;Descripcion;CostoRepuestos;CostoTerceros;CostoCG;CostoTotal;FechaDevolucion;Ganancia;Estado
1;2;28/6/2017 00:00:00;1;-;-;Dell Optiplex GX-280;-;-;-;-;-;-;3;Backup y formateo;0.0000;0.0000;500.0000;500.0000;30/6/2017 00:00:00;500.0000;True;
2;38;16/9/2017 00:00:00;3;-;-;Acer Aspire 3100;-;-;-;-;-;-;3;Backup y formateo;0.0000;0.0000;300.0000;300.0000;16/9/2017 00:00:00;300.0000;True;
3;39;20/9/2017 00:00:00;3;-;-;Admiral FU43N;-;-;-;-;-;-;3;Backup y formateo;0.0000;0.0000;300.0000;300.0000;20/9/2017 00:00:00;300.0000;True;
4;16;6/10/2017 00:00:00;3;-;-;Lenovo T410;-;-;-;-;-;-;3;Limpieza de suciedad general interna y externa.;0.0000;0.0000;200.0000;200.0000;7/10/2017 00:00:00;200.0000;True;
5;16;13/10/2017 00:00:00;4;-;-;Coradir Class;-;-;-;-;-;-;3;Formateo con instalación de S.O. Windows 7 x64 bits y programas conectar igualdad.;740.0000;0.0000;450.0000;1190.0000;13/10/2017 00:00:00;450.0000;True;
6;50;22/6/2018 00:00:00;6;-;-;EPSON L355;-;-;-;-;-;-;3;Cabezal deformado y tintas no originales.;0.0000;3500.0000;1000.0000;4500.0000;19/7/2018 00:00:00;1000.0000;True;
7;16;23/7/2018 00:00:00;3;-;-;HP M7 Smart Touch;-;-;-;-;-;-;3;Recupero de BIOS, formateo con backup y reparación de bisagras de pantalla.;0.0000;1800.0000;700.0000;2500.0000;9/8/2018 00:00:00;700.0000;True;
8;33;28/7/2018 00:00:00;1;-;-;Máxima;-;-;-;-;-;-;3;Formateo c/Backup;0.0000;0.0000;600.0000;600.0000;31/7/2018 00:00:00;600.0000;True;
9;33;28/7/2018 00:00:00;4;-;-;BGH Schoolmate 15TV;-;-;-;-;-;-;3;Cambio de pila.;135.0000;0.0000;465.0000;600.0000;6/8/2018 00:00:00;465.0000;True;
10;33;6/8/2018 00:00:00;1;-;-;Blanco;-;-;-;-;-;-;3;Limpieza de suciedad intern y externa, y remover arranque duplicado.;0.0000;0.0000;200.0000;200.0000;6/8/2018 00:00:00;200.0000;True;
11;16;31/8/2018 00:00:00;3;-;-;HP M7 Smart Touch;-;-;-;-;-;-;3;Restauración de sistema con bakcup y re-instalación de programas.;0.0000;0.0000;200.0000;200.0000;1/9/2018 00:00:00;200.0000;True;
12;32;15/9/2018 00:00:00;1;-;-;Sentey Furious GS-6062;-;-;-;-;-;-;1;Armado de CPU. Instalació de windows, programas básicos y Nero.;14410.0000;0.0000;1000.0000;15410.0000;19/9/2018 00:00:00;1000.0000;True;
13;24;29/9/2018 00:00:00;1;-;-;Genérico Negro;-;-;-;-;-;-;3;Limpieza de suciedad interna incluyendo componentes. Colocación de grasa siliconada nueva en GPU y CPU. Verificación de voltaje de pila.;0.0000;0.0000;500.0000;500.0000;29/9/2018 00:00:00;500.0000;True;
14;57;8/10/2018 00:00:00;3;-;-;Lenovo T410;-;-;-;-;-;-;3;Cambio de placa madre.;0.0000;1200.0000;300.0000;1500.0000;16/11/2018 00:00:00;300.0000;True;
15;32;18/10/2018 00:00:00;1;-;-;Sentey Furious GS-6062;-;-;-;-;-;-;3;Restauración de sistema al punto antes de la actualización.;0.0000;0.0000;200.0000;200.0000;18/10/2018 00:00:00;200.0000;True;
16;15;2/11/2018 00:00:00;3;-;-;Compaq Presario CQ42;-;-;-;-;-;-;3;Reparación de placa de encendido y reseteo de BIOS. Cambio de grasa siliconada y verificiación pila CR2032 (2,84v). Formateo (win7 ultimate 32 bits).;0.0000;1100.0000;900.0000;2000.0000;22/12/2018 00:00:00;900.0000;True;
17;36;3/11/2018 00:00:00;1;-;-;Super Power;-;-;-;-;-;-;3;Cambio de fuente, cambio de pila de mother y limpieza de suciedad interna.;699.0000;0.0000;250.0000;949.0000;5/11/2018 00:00:00;250.0000;True;
19;23;3/2/2019 00:00:00;13;-;-;Kit DVR + 4 Cam HIK VISION;-;-;-;-;-;-;2;Instalación completa;1000.0000;0.0000;2500.0000;3500.0000;3/2/2019 00:00:00;2500.0000;True;
20;54;6/2/2019 00:00:00;3;-;-;Asus S510u;-;-;-;-;-;-;3;Cambio de display y flex.;4172.0000;0.0000;828.0000;5000.0000;11/2/2019 00:00:00;828.0000;True;
21;62;15/5/2019 00:00:00;4;-;-;Acer Aspire One D255;-;-;-;-;-;-;3;Cambio de display - Chequeo general - Limpieza de sofware;0.0000;2790.0000;1010.0000;3800.0000;31/5/2019 00:00:00;1010.0000;True;
22;62;15/5/2019 00:00:00;3;-;-;HP Pavilion Dv5;-;-;-;-;-;-;3;Cambio de diplay - Chequeo general - Limpieza de software;0.0000;4000.0000;1100.0000;5100.0000;31/5/2019 00:00:00;1100.0000;True;
23;22;1/6/2019 00:00:00;13;-;-;Cámaras;-;-;-;-;-;-;2;Cambio de lugar de una cámara previamente ya instalada.;1780.0000;0.0000;2250.0000;4030.0000;1/6/2019 00:00:00;2250.0000;True;
24;22;8/7/2019 00:00:00;13;-;-;Cámaras;-;-;-;-;-;-;2;Re-cableado de una cámara. Cambio de DVR viejo por uno nuevo Hik-Vision 8ch. Configuración de vista remota.;6300.0000;0.0000;1500.0000;7800.0000;8/7/2019 00:00:00;1500.0000;True;
25;36;16/7/2019 00:00:00;1;-;-;Mustiff;-;-;-;-;-;-;3;No da video. Suciedad interna. Micro pegado a disipador.;0.0000;0.0000;0.0000;0.0000;19/7/2019 00:00:00;0.0000;True;
26;36;19/7/2019 00:00:00;1;-;-;AMD Sempron;-;-;-;-;-;-;3;No carga sistema operativo. Suciedad interna. Formateo con backup Win XP SP3;0.0000;0.0000;600.0000;600.0000;19/7/2019 00:00:00;600.0000;True;
27;47;27/7/2019 00:00:00;13;-;-;Cámaras;-;-;-;-;-;-;2;Se cablearon 4 cámaras, pero por pedido del cliente solo se instalaron 2.;1480.0000;0.0000;1750.0000;3230.0000;27/7/2019 00:00:00;1750.0000;True;
28;47;27/7/2019 00:00:00;13;-;-;Cámaras;-;-;-;-;-;-;2;Se instalaron dos jaulas en las dos cámaras de la vereda. Se cambió DVR viejo por uno nuevo y se configuró la vista remota.;3800.0000;0.0000;550.0000;4350.0000;27/7/2019 00:00:00;550.0000;True;
29;47;12/8/2019 00:00:00;3;-;-;Sin datos;-;-;-;-;-;-;3;Desinstalación de aplicaciones inecesarias, limpieza de caché y archivos temporales, y revisión general.;0.0000;0.0000;300.0000;300.0000;12/8/2019 00:00:00;300.0000;True;
30;56;17/8/2019 00:00:00;1;-;-;Sentey;-;-;-;-;-;-;3;Limpieza de suciedad interna. Cambio de pasta térmica. Emprolijamiento de conexiones y cables.;0.0000;0.0000;500.0000;500.0000;20/8/2019 00:00:00;500.0000;True;
31;1;4/9/2019 00:00:00;10;-;-;Sony Play Station 3;-;-;-;-;-;-;3;Falla en mother que originó falla en unidad de DVD / lente;0.0000;3500.0000;500.0000;4000.0000;2/11/2019 00:00:00;500.0000;True;
32;24;9/11/2019 00:00:00;1;-;-;Over Case;-;-;-;-;-;-;3;Formateo con backup (windows 7 ultimate x64) y limpieza interna general.;0.0000;0.0000;600.0000;600.0000;9/11/2019 00:00:00;600.0000;True;
33;36;19/11/2019 00:00:00;1;-;-;Super Power;-;-;-;-;-;-;3;Suciedad en cable de boton power - Pantalla azul (error ACPI BIOS) - suciedad interna;0.0000;0.0000;300.0000;300.0000;19/11/2019 00:00:00;300.0000;True;
34;59;24/11/2019 00:00:00;1;-;-;Sentey;-;-;-;-;-;-;3;Limpieza general. Cambio de pasta térmica, cambio de pila HMI, cambio de ficha de cooler de tapa izquierda.;0.0000;0.0000;400.0000;400.0000;24/11/2020 00:00:00;400.0000;True;
35;48;3/2/2020 00:00:00;1;-;-;Sentey X10;-;-;-;-;-;-;3;Instalación de windows 10 pro x64 y software básico.;0.0000;0.0000;600.0000;600.0000;4/2/2020 00:00:00;600.0000;True;
36;4;8/2/2020 00:00:00;1;-;-;Data Vision;-;-;-;-;-;-;3;Limpieza general. Cambio de fuente (LNZ 550w), pasta térmica, instalación de Win7 Ult. x32).;1205.0000;0.0000;1155.0000;2360.0000;10/2/2020 00:00:00;1155.0000;True;
37;47;21/2/2020 00:00:00;13;-;-;Cámaras;-;-;-;-;-;-;2;Se cambió una cámara vieja por una nueva Hik-Vision 2Mpx Metal.;1400.0000;0.0000;500.0000;1900.0000;21/2/2020 00:00:00;500.0000;True;
38;39;12/3/2020 00:00:00;3;-;-;Admiral FU43N;-;-;-;-;-;-;3;Se tuvo que reconfigurar la BIOS, ya que se reseteó debido a un corte de luz.;0.0000;0.0000;300.0000;300.0000;12/3/2020 00:00:00;300.0000;True;
39;3;10/4/2020 00:00:00;1;-;-;Kelly;-;-;-;-;-;-;3;Cambio de Placa madre por otra igual nueva. Limpieza general y chequeo de voltaje de pila (3,06v). Formateo (windows 10 pro x64) con backup. Reparación de lectograbadora CD/DVD.;2660.0000;0.0000;300.0000;2960.0000;25/4/2020 00:00:00;300.0000;True;
40;60;25/4/2020 00:00:00;7;-;-;LED JVC 24" LT-24DR530;-;-;-;-;-;-;3;Reparación de placa MAIN por corto en la misma;0.0000;1900.0000;800.0000;2700.0000;1/5/2020 00:00:00;800.0000;True;
41;43;25/4/2020 00:00:00;3;-;-;Toshiba Satellite L745-SP4201A;-;-;-;-;-;-;3;Cambio de HDD por SSD. Instalacion de SO win10 pro x64. Cambio de teclado por nuevo. Cambio de pila de MB.;1445.0000;0.0000;500.0000;1945.0000;2/5/2020 00:00:00;500.0000;True;
42;35;2/5/2020 00:00:00;9;-;-;iPhone 6 A1549;-;-;-;-;-;-;3;Reparación de placa madre y cambio de batería;2649.0000;0.0000;1351.0000;4000.0000;5/5/2020 00:00:00;1351.0000;True;
43;31;20/5/2020 00:00:00;1;-;-;Genérico;-;-;-;-;-;-;3;Formateo Win7 x64;0.0000;0.0000;500.0000;500.0000;30/5/2020 00:00:00;500.0000;True;
44;31;20/5/2020 00:00:00;3;-;-;Acer;-;-;-;-;-;-;3;Cambio de teclado y Formateo Win10 x64;1625.0000;0.0000;1000.0000;2625.0000;30/5/2020 00:00:00;1000.0000;True;
45;31;20/5/2020 00:00:00;5;-;-;Genérica 7";-;-;-;-;-;-;3;Intercambio de partes internas con otra tablet que entro sin funcionar;0.0000;0.0000;500.0000;500.0000;30/5/2020 00:00:00;500.0000;True;
46;36;26/5/2020 00:00:00;1;-;-;Genérico;-;-;-;-;-;-;1;Armado e instalación de componentes y sistema operativo.;0.0000;0.0000;1000.0000;1000.0000;29/5/2020 00:00:00;1000.0000;True;
47;58;26/5/2020 00:00:00;1;-;-;Cirkuit Planet;-;-;-;-;-;-;1;Armado e instalación de componentes y sistema operativo.;0.0000;0.0000;1000.0000;1000.0000;29/5/2020 00:00:00;1000.0000;True;
48;51;4/6/2020 00:00:00;4;-;-;Coradir CDR Class G5;-;-;-;-;-;-;3;Cambio de MB (desbloqueo de BIOS) y cambio de pila de MB.;1350.0000;0.0000;950.0000;2300.0000;6/6/2020 00:00:00;950.0000;True;
49;61;18/6/2020 00:00:00;1;-;-;Kellyx;-;-;-;-;-;-;3;Limpieza interna. Cambio de fuente y boton power. Agregado de 1Gb RAM DDR2. Formateo con backup (win7 ult. X64).;1850.0000;0.0000;3650.0000;5500.0000;30/6/2020 00:00:00;3650.0000;True;
50;31;20/6/2020 00:00:00;3;-;-;RCA A4 3145B;-;-;-;-;-;-;3;Cambio de teclado y Formateo Win10 x64;4200.0000;150.0000;2100.0000;6450.0000;30/5/2020 00:00:00;2100.0000;True;
51;45;20/7/2020 00:00:00;3;-;-;Commodore;-;-;-;-;-;-;3;Formateo sin backup (Win 7 ult. X64). Cambio de pila de MB. Limpieza interna y externa. Cambio de grasa disipadora.;0.0000;0.0000;1000.0000;1000.0000;26/7/2020 00:00:00;1000.0000;True;
52;42;20/7/2020 00:00:00;3;-;-;Lenovo G450;-;-;-;-;-;-;3;Cambio de parlantes. Formateo con backup (win7 ult. X64). Limpieza interna y externa. Cambio de grasa disipadora.;970.0000;0.0000;2830.0000;3800.0000;30/7/2020 00:00:00;2830.0000;True;
53;26;27/7/2020 00:00:00;9;-;-;Motorola Moto G6;-;-;-;-;-;-;3;Reparación de parlante / auricular;0.0000;1200.0000;600.0000;1800.0000;30/7/2020 00:00:00;600.0000;True;
54;53;28/7/2020 00:00:00;3;-;-;Toshiba Satellite L755;-;-;-;-;-;-;3;Formateo sin backup (win7 ult. X64). Limpieza interna y externa.;0.0000;0.0000;1000.0000;1000.0000;30/7/2020 00:00:00;1000.0000;True;
55;44;23/8/2020 00:00:00;3;-;-;Lenovo G50-30;-;-;-;-;-;-;3;Formateo con backup (windows 10 pro x64), e instalación de porgramas básicos. Limpieza externa.;0.0000;0.0000;1200.0000;1200.0000;24/8/2020 00:00:00;1200.0000;True;
56;19;30/8/2020 00:00:00;6;-;-;Epson TX220;-;-;-;-;-;-;3;Cabezal de impresión muy tapado. Unidad de limpieza muy tapada. Suciedad interna pegada.;0.0000;3540.0000;700.0000;4240.0000;12/9/2020 00:00:00;700.0000;True;
57;12;2/9/2020 00:00:00;9;-;-;Samsung Galaxy J7 Neo;-;-;-;-;-;-;3;Reparación de boton Power (se soldo el boton a la placa main);0.0000;2000.0000;700.0000;2700.0000;4/9/2020 00:00:00;700.0000;True;
58;60;11/9/2020 00:00:00;9;-;-;Motorola Moto G7 Play;-;-;-;-;-;-;3;Cambio de modulo.;0.0000;6300.0000;700.0000;7000.0000;12/9/2020 00:00:00;700.0000;True;
59;9;12/9/2020 00:00:00;3;-;-;Samsung NP300E5C;-;-;-;-;-;-;3;Formateo sin backup (win7 ult. X64). Cambio de pila de placa madre. Limpieza externa.;0.0000;0.0000;4000.0000;4000.0000;17/9/2020 00:00:00;4000.0000;True;
60;26;13/9/2020 00:00:00;3;-;-;Samsung RV511;-;-;-;-;-;-;3;Formateo con backup y limpieza externa.;0.0000;0.0000;1000.0000;1000.0000;16/9/2020 00:00:00;1000.0000;True;
61;23;14/9/2020 00:00:00;5;-;-;Coradir +Simple C01;-;-;-;-;-;-;3;Se reconfiguro aplicación de inicio predeterminada y se cambió el vidrio táctil por uno nuevo.;2770.0000;0.0000;700.0000;3470.0000;19/9/2020 00:00:00;700.0000;True;
62;40;15/9/2020 00:00:00;5;-;-;Asus K01A;-;-;-;-;-;-;3;Se reparó corto en placa madre y se reemplazo el pin de carga.;1000.0000;0.0000;800.0000;1800.0000;21/9/2020 00:00:00;800.0000;True;
64;49;17/9/2020 00:00:00;1;8Gb DDR4 1266Mhz Kingston HyperX;Asus prime A320M-K;Gabinete genérico negro;AMD Ryzen 3 3200G 3.6Ghz con gráficos Radeon Vega ;SSD Kingston 240Gb;No tiene;Fuente GameMax VP-500 500W;-;-;1;Armado e instalación de componentes y sistema operativo. (Gabinete sin tapa lateral izquierda).;0.0000;0.0000;2000.0000;2000.0000;18/9/2020 00:00:00;2000.0000;True;
65;24;20/9/2020 00:00:00;1;-;-;Over Case Negro;-;-;-;-;-;-;3;Agregado de SSD 120Gb y 2 coolers fan 120mm. También se instaló Win 10 pro x64 en el SSD.;3226.0000;0.0000;1500.0000;4726.0000;24/9/2020 00:00:00;1500.0000;True;
66;7;21/9/2020 00:00:00;3;-;-;Dell Inspiron 13-7353;-;-;-;-;-;-;3;Cambio de batería interna por nueva. Formateo con backup (win10 pro x64).;13359.0000;0.0000;1800.0000;15159.0000;23/9/2020 00:00:00;1800.0000;True;
67;46;1/10/2020 00:00:00;3;-;-;Bangho Max G5;-;-;-;-;-;-;3;Instalación de paquete Office 2016 x64, Photoshop CS3 y Corel Draw. Optimización de inicio.;0.0000;0.0000;500.0000;500.0000;2/10/2020 00:00:00;500.0000;True;
68;41;10/10/2020 00:00:00;13;-;-;Cámaras;-;-;-;-;-;-;2;Se instaló un DVR nuevo HIK-VISION DS7208HQ y se quitó un DVR viejo. También se registro una nueva cuenta HIK-VISION.;6500.0000;0.0000;2000.0000;8500.0000;10/10/2020 00:00:00;2000.0000;True;
69;41;10/10/2020 00:00:00;1;2Gb DDR2 SuperTalent (2 x 1Gb);Gigabyte GA-G31M-S2C;Gabinete Sentey negro;Intel Pentium Dual-Core E5200 2.5Ghz;SSD 120Gb Kingston + HDD Sata WD 300Gb;Lectograbadora CD/DVD;Fuente LNZ XS550-PS 550W;HDD IDE (sin funcionar);-;3;Se agregó un disco SSD Kingston 120Gb. Formateo con backup y limpieza interna y externa.;2230.0000;0.0000;2000.0000;4230.0000;17/10/2020 00:00:00;2000.0000;True;
70;20;24/10/2020 00:00:00;3;-;-;Acer Aspire ES1-532G;-;-;-;-;-;-;3;Formateo con backup (Win10 Pro x64). Y limpieza interna y externa. Se configuró la BIOS en modo "LEGACY".;0.0000;0.0000;2000.0000;2000.0000;25/10/2020 00:00:00;2000.0000;True;
71;7;26/10/2020 00:00:00;3;-;-;Dell Inspiron 13-7353;-;-;-;-;-;-;3;Se detecto cargador en corto que no carga bateria. Se compro un cargador nuevo.;3700.0000;0.0000;0.0000;3700.0000;4/11/2020 00:00:00;0.0000;True;
72;7;3/11/2020 00:00:00;3;-;-;Asus N501JW;-;-;-;-;-;-;3;Se realizó un formateo con backup y se instalo windows 10 pro x64 y programas basicos.;0.0000;0.0000;2000.0000;2000.0000;4/11/2020 00:00:00;2000.0000;True;
73;45;10/1/2021 00:00:00;3;-;-;Commodore;-;-;-;-;-;-;3;Se reparó configuración de inicio de sistema operativo.;0.0000;0.0000;1000.0000;1000.0000;15/3/2021 00:00:00;1000.0000;True;
74;41;13/1/2021 00:00:00;1;-;-;Sentey;-;-;-;-;-;-;3;Se realizó un cambio de placa madre y  una limpieza interna y externa.;5500.0000;0.0000;1000.0000;6500.0000;15/1/2021 00:00:00;1000.0000;True;
75;1;18/1/2021 00:00:00;9;-;-;Samsung J6;-;-;-;-;-;-;3;Se realizó un cambio de micrófono.;0.0000;3500.0000;500.0000;4000.0000;19/1/2021 00:00:00;500.0000;True;
76;34;18/1/2021 00:00:00;3;-;-;HP G42;-;-;-;-;-;-;3;Cambio de teclado.;2620.0000;0.0000;680.0000;3300.0000;2/2/2021 00:00:00;680.0000;True;
77;34;18/1/2021 00:00:00;5;-;-;Samsung Tab S T800;-;-;-;-;-;-;3;Cambio de display y touchscreen.;2500.0000;0.0000;1000.0000;3500.0000;2/2/2021 00:00:00;1000.0000;True;
78;36;6/2/2021 00:00:00;10;-;-;Sony Play Station 3;-;-;-;-;-;-;3;Cambio de módulo de WiFi / Bluetooth e instalación de sistema operativo.;0.0000;5000.0000;1000.0000;6000.0000;11/2/2021 00:00:00;1000.0000;True;
79;30;3/3/2021 00:00:00;9;-;-;Iphone X;-;-;-;-;-;-;3;Limpieza de auricular, cambio de speaker y cambio de modulo. Colocación de film hidrogel.;15320.0000;0.0000;5000.0000;20320.0000;6/3/2021 00:00:00;5000.0000;True;
80;11;3/3/2021 00:00:00;3;-;-;Lenovo G470;-;-;-;-;-;-;3;Se cambió flex de pantalla. Se repararon bisagras de pantalla. Se realizó una limpieza interna.;2500.0000;0.0000;1500.0000;4000.0000;19/3/2021 00:00:00;1500.0000;True;
81;37;5/3/2021 00:00:00;3;-;-;Bangho Max G5 i1;-;-;-;-;-;-;3;Formateo sin backup (wWin 10 pro).;0.0000;0.0000;1500.0000;1500.0000;5/3/2021 00:00:00;1500.0000;True;
82;37;5/3/2021 00:00:00;2;-;-;Bangho E2120;-;-;-;-;-;-;3;Limpieza de software innecesario (antivirus) y activación de windows y office.;0.0000;0.0000;1000.0000;1000.0000;5/3/2021 00:00:00;1000.0000;True;
83;21;12/3/2021 00:00:00;9;-;-;Samsung J6 Plus;-;-;-;-;-;-;3;Cambio de modulo.;5200.0000;0.0000;900.0000;6100.0000;17/3/2021 00:00:00;900.0000;True;
84;17;13/3/2021 00:00:00;13;-;-;DVR y cámaras;-;-;-;-;-;-;2;Se cambiaron 4 cámaras por nuevas, se repararon conexiones a baluns, se recablearon 2 cámaras (80m.), y se cambió un balun de video. ;17100.0000;6500.0000;9000.0000;32600.0000;9/5/2021 00:00:00;9000.0000;True;
85;14;15/3/2021 00:00:00;9;-;-;Samsung A30 A305g;-;-;-;-;-;-;3;Cambio de modulo.;5250.0000;0.0000;2750.0000;8000.0000;18/3/2021 00:00:00;2750.0000;True;
86;27;1/4/2021 00:00:00;3;-;-;Acer Aspire V5-431-4843;-;-;-;-;-;-;3;Se desinstaló un programa de PLC, se instaló Office 2016, se limpió software y se limpio hardware exterior.;0.0000;0.0000;700.0000;700.0000;1/4/2021 00:00:00;700.0000;True;
87;27;1/4/2021 00:00:00;3;-;-;Asus;-;-;-;-;-;-;3;Se instaló Office 2016, se limpió software y se limpio hardware exterior.;0.0000;0.0000;700.0000;700.0000;1/4/2021 00:00:00;700.0000;True;
88;18;16/4/2021 00:00:00;2;-;-;Lenovo C225;-;-;-;-;-;-;3;Se realizó un formateo sin backup. Se instaló Windows 7 ultimate x64 y programas básicos.;0.0000;0.0000;2500.0000;2500.0000;16/4/2021 00:00:00;2500.0000;True;
89;18;16/4/2021 00:00:00;3;-;-;Sony Vaio VPCEB17FL;-;-;-;-;-;-;3;Se realizó una limpieza y una optimización de software.;0.0000;0.0000;800.0000;800.0000;16/4/2021 00:00:00;800.0000;True;
90;23;6/5/2021 00:00:00;3;-;-;Lenovo Ideapad 110;-;-;-;-;-;-;3;Se realizó un cambio de disco por SSD 240Gb y backup. Se instaló Windows 10 y programas básicos;0.0000;0.0000;2000.0000;2000.0000;8/5/2021 00:00:00;2000.0000;True;
91;52;18/5/2021 00:00:00;3;6Gb (1x2Gb + 1x4Gb);Bangho;Bangho Futura 1500 B251XHU;Intel core i3-2330M 2.20Ghz;HDD Seagate 1Tb;Lectograbadora CD/DVD;Batería;Cargador;220272;3;Formateo con backup (Win10 Pro x64). Y limpieza interna y externa. Se realizó reparación en carcaza (diagonal superior izquierda). Se compró un cargador nuevo. Se cambió cooler de microprocesador.;2400.0000;0.0000;5000.0000;7400.0000;21/5/2021 00:00:00;5000.0000;True;
92;10;6/7/2021 00:00:00;3;-;-;Compaq Presario CQ40;-;-;-;-;-;-;3;Cambio de display. Limpieza de software. Actualización de Office 2007 a 2016.;14600.0000;0.0000;2400.0000;17000.0000;15/7/2021 00:00:00;2400.0000;True;
93;25;13/8/2021 00:00:00;3;-;-;HP 15-ay015la;-;-;-;-;-;-;3;Instalación de disco SSD Colorful 240 Gb. Instalación de S.O. Windows 10 Pro x64 y programas básicos.;4400.0000;0.0000;3000.0000;7400.0000;18/8/2021 00:00:00;3000.0000;True;
94;46;18/8/2021 00:00:00;6;-;-;HP F4280 ;-;-;-;-;-;-;3;Reemplazo de placa sensora de cartuchos. Remanufacturación de sistema de tracción de papel. Remanufacturación de la unidad de limpieza. Mantenimiento gral exhaustivo.;0.0000;4700.0000;1300.0000;6000.0000;27/8/2021 00:00:00;1300.0000;True;
95;26;9/9/2021 00:00:00;9;-;-;Motorola Moto G6;-;-;-;-;-;-;3;Placa mojada. Reparación interna de placa. OVP + secado y limpieza.;0.0000;4000.0000;1000.0000;5000.0000;13/9/2021 00:00:00;1000.0000;True;
96;28;11/9/2021 00:00:00;13;-;-;Cámaras;-;-;-;-;-;-;2;Se realizó una limpieza profunda, cambio de pasta térmica y ordenamiento de cableado. Se agregó un disco SSD Kingston 240GB, una memoria RAM de 8GB DDR3. Se realizó un formateo con Windows 10 pro x64 y programas básicos.;15600.0000;2765.0000;3300.0000;21665.0000;11/9/2021 00:00:00;3300.0000;True;
101;63;20/11/2021 00:00:00;1;10Gb;Asus A558M-K;Netsys;AMD A4-4000 APU 3Ghz;SSD 240GB y HDD 300GB;Lectograbadora CD/DVD;NogaNet ATX-500 P4 500W;-;-;3;Se realizó una limpieza profunda, cambio de pasta térmica y ordenamiento de cableado.  Se agregó un disco SSD Kingston 240GB, una memoria RAM de 8GB DDR3.  Se realizó un formateo con Windows 10 pro x64 y programas básicos. La lectora de CD/DVD no abre la tapa.;10250.0000;0.0000;4000.0000;14250.0000;27/11/2021 00:00:00;4000.0000;True;
102;18;3/11/2021 00:00:00;6;-;-;Epson TX135;-;-;-;-;Sistema contínuo;NBHZ170860;3;Bandeja de salida de papel rota. Reparación en el cabezal de impresión. Remanufacturación de unidad de limpieza. Reemplazo de chip de sistema contínuo. Lavado de sistema contínuo y reempazo de tintas. Remanufacturación del sistema de tracción de papel. Mantenimiento general.;0.0000;8500.0000;1500.0000;10000.0000;1/12/2021 00:00:00;1500.0000;True;
103;65;15/12/2021 00:00:00;3;3Gb DDR2;Sony;Sony Vaio VPCEB3E9E;Intel i3 M 370 2.40Ghz;Disco HDD 300Gb;Lectograbadora CD/DVD;Batería (no funciona sin cargador);Cargador;-;3;Se realizó un formateo con backup en disco externo del cliente. Se instaló Windows 7 ultimate x64 y programas básicos. Se realizó limpieza interna/externa completa y cambio de pasta térmica.;0.0000;0.0000;3000.0000;3000.0000;17/12/2021 00:00:00;3000.0000;True;
104;69;5/1/2022 00:00:00;13;-;-;1 Cámara EzViz CV310 1080p;-;-;-;-;-;-;2;Se realizó un cambio de domicilio de dicha cámara, hacia el kiosco de calle Lacroze.;0.0000;0.0000;3000.0000;3000.0000;5/1/2022 00:00:00;3000.0000;True;
105;69;9/1/2022 00:00:00;13;-;-;DVR y 1 Cámara HiLook;-;-;-;-;-;-;2;Se realizó un cambio de DVR Dahua por un HiLook, ambos de 8ch. También se cambió una cámara de 720p por una nueva HiLook 1080p. Se creó cuenta de HiLook.;8700.0000;0.0000;3000.0000;11700.0000;9/1/2022 00:00:00;3000.0000;True;
106;70;19/1/2022 00:00:00;13;-;-;1 cámara EzViz CV310 1080p;-;Micro SD 128Gb;-;-;-;-;2;Se realizó la instalación de una cámara EzViz CV310 1080p + Micro SD HikVision 128Gb.;10380.0000;0.0000;3000.0000;13380.0000;19/1/2022 00:00:00;3000.0000;True;
107;71;21/1/2022 00:00:00;1;4Gb;Gigabyte F2A68HM-H;Kelyx;AMD A6-7480 Radeon R5 3.5Ghz;SSD Kingston SA400S37 240Gb;No tiene;Kelyx genérica 500W;-;-;3;Se realizó la instalación de los siguientes softwares: Autocad 2021, Archicad 24, Sketchup 2021, Office 2016, WinRar x64. También se realizó la activación de Windows 10 y de Office.;0.0000;0.0000;2500.0000;2500.0000;25/1/2022 00:00:00;2500.0000;True;
108;36;24/1/2022 00:00:00;1;-;-;Genérico;-;-;-;-;-;-;3;Se realizó una reparación de inicio en SO Windows 10. Se realizó una limpieza interna, incluyendo cambio de pasta térmica de microprocesador y placa de video.;0.0000;0.0000;1000.0000;1000.0000;24/1/2022 00:00:00;1000.0000;True;
109;30;25/1/2022 00:00:00;9;-;-;Apple Iphone X;-;-;-;-;Funda celeste;-;3;Se realizó un cambio de módulo.;18750.0000;0.0000;3000.0000;21750.0000;26/1/2022 00:00:00;3000.0000;True;
110;5;28/1/2022 00:00:00;9;-;-;Samsung Galaxy A20;-;-;-;-;-;-;3;Se realizó un cambio de módulo completo con marco.;11200.0000;0.0000;800.0000;12000.0000;31/1/2022 00:00:00;800.0000;True;
111;23;25/1/2022 00:00:00;5;-;-;Gadnic y BGH;-;-;-;-;-;-;3;Las tablets se utilizaron hasta agotar la batería, por lo que se tuvo que realizar una carga directa sobre cada batería para que recuperen el voltaje de 3,7v. Luego se realizó una carga completa de cada una.;0.0000;0.0000;1000.0000;1000.0000;30/1/2022 00:00:00;1000.0000;True;
112;72;4/2/2022 00:00:00;1;-;-;Gabinete;-;-;-;-;-;-;3;Equipo con disco HDD 1Tb con falla (ruido interno). Se quitó el disco que falla, se realizó una limpieza interna y cambio de pasta térmica, se agregó un disco SSD 240Gb Panther. Se instaló Windows 10 pro x64 y programas básicos.;4100.0000;0.0000;2000.0000;6100.0000;8/2/2022 00:00:00;2000.0000;True;
113;73;11/2/2022 00:00:00;3;6Gb DDR3;Asus;Asus X455L;Intel core i5-4210 2.4Ghz;HDD 1Tb / SSD 240Gb;No tiene;Batería C21N1401;Cargador y funda;E1N0WU161925033;3;Se realizó una limpieza interna y cambio de pasta térmica. Se quitó la lectograbadora de CD/DVD y se agregó un caddy SATA con un disco SSD 240Gb Mushkin. Se cambió la batería por una nueva (alternativa). Se instaló Windows 10 Home x64 y programas básicos.;11400.0000;0.0000;3000.0000;14400.0000;17/2/2022 00:00:00;3000.0000;True;
114;74;5/2/2022 00:00:00;13;-;-;EzViz;-;-;-;-;-;-;2;Se realizó la instalación de 2 cámaras EzViz CV310 1080p con jaula protectora y 2 cámaras EzViz C6N PTZ 1080p sin Micro SD. Se instaló también un NVR EzViz con un HDD 2Tb WD purple.;45720.0000;6000.0000;6000.0000;57720.0000;5/2/2022 00:00:00;6000.0000;True;
115;75;3/3/2022 00:00:00;1;8Gb;Asus;Sentey;AMD FX 6300;SSD 120GB / HDD 500GB;Lectograbadora CD/DVD;Sentey BXP65-OR 650W;-;-;3;Se realizó una limpieza interna y externa, cambio de pasta térmica. Se soldaron los cables de los botones de power y reset y la luz de HDD.;0.0000;0.0000;3500.0000;3500.0000;4/3/2022 00:00:00;3500.0000;True;
116;76;4/3/2022 00:00:00;3;8Gb DDR3;HP;HP Pavilion x360;Intel i3-8145U 2.10Ghz;SSD M.2 WD Green 480Gb;No tiene;Batería;Cargador;8CG9312SRD;3;Se instaló un disco SSD M.2 WD Green 480Gb. Se realizó un formateo con backup y limpieza interna y externa. Se instaló SO Windows 10 Home x64, programas básicos y algunos programas no básicos.;7990.0000;0.0000;3000.0000;10990.0000;7/3/2022 00:00:00;3000.0000;True;
119;54;14/3/2022 00:00:00;3;8Gb DDR3;Asus;Asus Vivobook 15 X510UQ;Intel core i7-7500U 2.7Ghz;SSD Apacer 480Gb;No tiene;Batería;Cargador;H8N0CX04V001329;3;Se instaló un disco SSD Apacer 480Gb nuevo. Se realizó un formateo con backup y se instaló Windows 10 home x64 y programas básicos.;7000.0000;0.0000;3000.0000;10000.0000;14/3/2022 00:00:00;3000.0000;True;
120;29;22/4/2021 00:00:00;1;-;-;-;-;-;-;-;-;-;3;Se realizó una limpieza de suciedad interna y externa y cambio de pasta térmica de 4 gabinetes y 1 notebook.;0.0000;0.0000;7500.0000;7500.0000;22/4/2021 00:00:00;7500.0000;True;
122;82;27/3/2022 00:00:00;4;2Gb DDR2;Commodore;Commodore Quante UW3;Intel Atom N455 1.66Ghz;HDD 292Gb;No tiene;Batería;Cargador;Borrado;3;Se realizó una limpieza de software, la instalación de Office 2016, limpieza de suciedad interna y externa. Se cambió la pasta térmica y se verificó el voltaje de la pila CR2032 (2,98V).;0.0000;0.0000;3500.0000;3500.0000;28/3/2022 00:00:00;3500.0000;True;
125;76;4/3/2022 00:00:00;3;16Gb DDR3;Bangho;Bangho Max G5 17 F;Intel i7-7500U 2.7Ghz;SSD Panther 480Gb;No tiene;Batería;Cargador;G1646IFZIFDC102;3;Se instaló un disco SSD Panther 480Gb. Se realizó un formateo con backup y limpieza interna y externa. Se instaló SO Windows 10 pro x64, programas básicos y algunos programas no básicos.;7200.0000;0.0000;3000.0000;10200.0000;7/3/2022 00:00:00;3000.0000;True;
126;77;4/3/2022 00:00:00;1;2Gb DDR2 GB;AsRock;Admiral;AMD Athlon;HDD 80Gb S-ata;Lectograbadora CD/DVD;Genérica 450W;Sin tapa derecha;-;3;Se realizó una limpieza interna y externa, cambio de pasta térmica y revisión de voltaje de pila. Adicionalmente se realizo una optimización de software.;0.0000;0.0000;2000.0000;2000.0000;9/3/2022 00:00:00;2000.0000;True;
133;52;9/4/2022 00:00:00;13;-;-;DVR Dahua 4 canales + 4 cámaras;-;-;-;-;-;-;2;Se realizó un cambio de DVR Dahua 4 canales por uno nuevo en la casa de la madre. Se recablearon las 4 cámaras. Se colocaron Balun RJ45. Se realizó la configuración de un DVR HiLook 8 canales para domicilio de Antonio.;15700.0000;0.0000;5000.0000;20700.0000;9/4/2022 00:00:00;5000.0000;True;
134;84;6/4/2022 00:00:00;3;4Gb DDR3;Dell A04;Dell Inspiron 15 3541;AMD APU A6-6310 Radeon R4 1.80Ghz;SSD 1Tb PNY;Lectograbadora CD/DVD;Batería;Cargador y disco HDD 500Gb WD Blue;38330681510;3;Se cambió disco HDD 500Gb WD Blue por disco SSD 1Tb PNY. Se realizó un formateo con backup (Win10 x64 Home) + programas básicos. Se compró además un cable Sata a USB para conectar disco HDD como disco externo.;14651.0000;0.0000;4000.0000;18651.0000;13/4/2022 00:00:00;4000.0000;True;
136;86;16/4/2022 00:00:00;13;-;-;HikVision DVR + 3 cámaras;-;-;-;-;-;-;2;Se realizó un cambio de baluns de video y de corriente, junto con un cambio de fuente de cámaras y un emprolijamiento de cableado detrás del DVR.;8370.0000;0.0000;3000.0000;11370.0000;16/4/2022 00:00:00;3000.0000;True;
143;17;20/4/2022 00:00:00;13;-;-;DVR HikVision 8ch + 8 cámaras;-;-;-;-;-;-;2;Se recuperó la clave de la cuenta de HikVision y se configuró la misma en 2 celulares. Se revisó el funcionamiento de DVR y se descubrió que el mismo no estaba grabando debido a que caducó el disco. Se le informó al cliente.;0.0000;0.0000;2000.0000;2000.0000;20/4/2022 00:00:00;2000.0000;True;
144;88;13/4/2022 00:00:00;6;-;-;Epson XP 241;-;-;-;-;-;X5WJ020178;3;Recuperación de cabezal de impresión. Reanufacturación de la unidad de limpieza (con tinta residual seca). Mantenimiento general. Colocación de cartuchos color nuevos (alternativos). Presupuesto aceptado el Jueves 21/04/2022.;0.0000;7765.0000;1600.0000;9365.0000;;1600.0000;False;
145;86;23/4/2022 00:00:00;13;-;-;3 cámaras Ezviz C6N + 1 cámara Ezviz C3WN;-;-;-;-;-;-;2;Se instalaron 4 cámaras Ezviz WiFi (3 son modelo C6N y otra es modelo C3WN) y se realizó la instalación eléctrica de todas ellas. Se configuraron con el WiFi existente y se dejaron funcionando correctamente.;25600.0000;0.0000;12000.0000;37600.0000;23/4/2022 00:00:00;12000.0000;True;
146;76;27/4/2022 00:00:00;3;-;-;Asus TUF Gamer;-;-;-;-;-;-;3;Se desinstaló el programa 3ds Max 2022 y se instaló la versión 2020 del mismo, junto al Vray.;0.0000;0.0000;1000.0000;1000.0000;27/4/2022 00:00:00;1000.0000;True;
147;76;29/4/2022 00:00:00;3;16Gb DDR3;Bangho;Bangho Max G5 17 F;Intel i7-7500U 2.7Ghz;SSD Panther 480Gb;No tiene;Batería;Cargador;G1646IFZIFDC102;3;Se realizó un cambio de pin de carga.;3283.0000;2000.0000;1717.0000;7000.0000;2/5/2022 00:00:00;1717.0000;True;
148;89;23/4/2022 00:00:00;25;-;-;Sony PS4 wireless original;-;-;-;-;-;39230940182553;3;Se realizó una reparación interna del mismo. Se derivó a especialista el día 27 de abril de 2022 y se retiró del mismo el día 28 de abril de 2022.;0.0000;1500.0000;1000.0000;2500.0000;30/4/2022 00:00:00;1000.0000;True;
149;90;29/4/2022 00:00:00;3;4Gb DDR3 (2 x 2Gb);BGH;Positivo BGH A490;Intel Core i5-2410M 2.30Ghz;HDD Samsung 640Gb;Lectograbadora CD/DVD;Batería;Cargador;261KQM0046;3;Se realizó la desinstalación de software Avast. Se desactivaron todos los proceso y programas de inicio automático. Se reparo la conexión de WiFi y el micrófono integrado. Servicio realizado en domicilio del cliente.;0.0000;0.0000;1000.0000;1000.0000;29/4/2022 00:00:00;1000.0000;True;
150;90;29/3/2022 00:00:00;1;4Gb DDR3 (2 x 2Gb);Biostar A55MLV;BRB Technologies;AMD APU A4-3300 With Radeon HD 2.50Ghz;HDD Western Digital Red 2Tb;Lectograbadora CD/DVD;Fuente BRB ATX 550W;Placa de red PCI-Express;-;3;Se activó Windows 10 pro x64. Se desactivaron todos los procesos y programas de inicio automático. Servicio realizado en domicilio del cliente. (Lectograbadora CD/DVD no funciona);0.0000;0.0000;1000.0000;1000.0000;29/3/2022 00:00:00;1000.0000;True;
151;41;2/5/2022 00:00:00;3;4Gb DDR3;Toshiba;Toshiba Satellite L45-B4176WM;Intel core i3-4005U 1.7Ghz;SSD 240Gb;Lectograbadora CD/DVD;Batería;Cargador;4F058627S;3;Se realizó un cambio de disco HDD Toshiba 750Gb por uno SSD PNY 240Gb. Se realizó un formateo con backup (Windows 10 x64 pro) y se instalaron programas básicos.;6565.0000;0.0000;3000.0000;9565.0000;4/5/2022 00:00:00;3000.0000;True;
152;18;3/5/2022 00:00:00;1;1x Avexir 8Gb DDR4 + 1x Adata 4Gb DDR4;MSI H110M Pro-VH plus;Gabinete eNova CM-8820;Intel core i5-6500 3.20Ghz;SSD PNY 240Gb + HDD Seagate 1Tb;No tiene;Fuente eNova KC-DAA-500 500W;Placa de video Radeon RX550 4Gb DDR5;-;3;Se realizó una limpieza total interna y externa. Se renovó la pasta térmica. Se verificó voltaje de pila. Se agregó un disco SSD PNY 240Gb. Se instaló Windows 10 x64 pro y programas básicos.;5000.0000;0.0000;6000.0000;11000.0000;6/5/2022 00:00:00;6000.0000;True;
153;76;6/5/2022 00:00:00;13;-;-;HikVision DVR 8Ch + 8 Cámaras 1080p;-;-;-;-;-;-;2;Había una cámara que no daba video. Se revisó cableado y se localizó plug de corriente de cámara oxidado. Se reemplazó por uno nuevo y las 8 cámaras quedaron funcionando. Además se emprolijó cableados en DVR.;0.0000;0.0000;2000.0000;2000.0000;6/5/2022 00:00:00;2000.0000;True;
154;41;21/5/2022 00:00:00;13;-;-;HikVision / HiLook;-;-;-;-;-;-;2;Se reemplazó una cámara vieja de afuera, por una cámara nueva HiLook B120MC. La cámara vieja se instaló en el interior y se cableó desde cero ya que no había ninguna ahí. Además se agregó un micrófono al DVR (canal 1).;5800.0000;0.0000;4200.0000;10000.0000;21/5/2022 00:00:00;4200.0000;True;
155;90;2/6/2022 00:00:00;3;4Gb DDR3 (2 X 2Gb);BGH;Positivo BGH A490;Intel Core i5-2410M 2.30Ghz;SSD PNY CS900 240Gb;Lectograbadora CD/DVD;Batería;Cargador;261KQM0046;3;Se realizó una limpieza interna y externa y un cambio de pasta térmica. Se reemplazó disco HDD Samsung 640Gb por disco SSD PNY CS900 240Gb. Se intaló Windows 10 x64 pro con backup y programas básicos. El disco lo compró la clienta por su cuenta.;0.0000;0.0000;3500.0000;3500.0000;4/6/2022 00:00:00;3500.0000;True;
156;90;2/6/2022 00:00:00;1;4Gb DDR3 (2 x 2 Gb);Biostar A55MLV;BRB Technologies;AMD APU A4-3300 With Radeon HD 2.50Ghz;SSD PNY CS900 240Gb + HDD Western Digital Red 2Tb;Lectograbadora CD/DVD;Fuente BRB ATX 550W;Placa de red PCI-Express;-;3;Se realizó una limpieza interna y externa y un cambio de pasta térmica. Se agregó un disco SSD PNY CS900 240Gb. Se realizó un formateo con backup, se instaló Windows 10 x64 pro y programas básicos. (Lectograbadora CD/DVD no funciona). El disco nuevo lo compró la clienta por su cuenta.;0.0000;0.0000;3500.0000;3500.0000;4/6/2022 00:00:00;3500.0000;True;
157;76;30/5/2022 00:00:00;3;16Gb DDR3;Bangho;Bangho Max G5 17 F;Intel i7-7500U 2.7Ghz;SSD Panther 480Gb;-;Batería;Cargador;G1646IFZIFDC102;3;Se realizó un cambio de display.;19500.0000;0.0000;500.0000;20000.0000;6/6/2022 00:00:00;500.0000;True;
158;92;30/5/2022 00:00:00;3;3Gb DDR3;Sony;Sony Vaio VPCEA35FL;Intel Core i3 M370 2.40Ghz;SSD Kingston 240Gb;Lectograbadora CD/DVD;Batería;Cargador;27527943 3000616;3;Se realizó un cambio de disco HDD Samsung 500Gb por un disco SSD Kingston 240Gb. Se instaló Windows 10 pro x64 y programas básicos. Se realizó una limpieza interna y cambio de pasta térmica.;6600.0000;0.0000;4000.0000;10600.0000;6/6/2022 00:00:00;4000.0000;True;
159;23;8/6/2022 00:00:00;13;-;-;DVR HikVision + 4 cámaras;-;-;-;-;-;-;2;Se recableó cámara de patio trasero con UTP y 1 par de balún RJ45.;1150.0000;0.0000;1850.0000;3000.0000;8/6/2022 00:00:00;1850.0000;True;
160;71;18/6/2022 00:00:00;13;-;-;Ezviz C6N x 2 uni;-;-;-;-;-;-;2;Se instalaron 2 cámaras de seguridad Ezviz C6N (una en frente y otra en fondo) con 2 soportes CMT.BRACKET. Se agregaron a cuenta Ezviz existente.;11900.0000;4500.0000;9000.0000;25400.0000;18/6/2022 00:00:00;9000.0000;True;
161;93;18/6/2022 00:00:00;13;-;-;Ezviz C3N x 2 uni + 2 HIKMEMO128;-;-;-;-;-;-;2;Se instalaron 2 cámaras Ezviz C3N con 2 Memorias micro SD HikVision de 128Gb cada una. Se creó nueva cuenta de Ezviz.;25400.0000;5000.0000;10000.0000;40400.0000;18/6/2022 00:00:00;10000.0000;True;
162;94;21/6/2022 00:00:00;1;1 x Crucial 8Gb DDR4 2666Mhz;Asus Prime B450M-A II AM4;Sentey J10;AMD Ryzen 5 Pro 4650G 4.2Ghz AM4;SSD 480Gb;No tiene;Fuente LNZ PX550-FS 550W;Combo mouse y teclado Logitech MK235;-;1;Se realizó el armado de los componentes y la posterior instalación del sistema operativo (Windows 10 pro x64) y programas básicos.;65619.0000;0.0000;4956.0000;70575.0000;21/6/2022 00:00:00;4956.0000;True;
163;52;25/6/2022 00:00:00;3;6Gb (1x2Gb + 1x4Gb);Bangho;Bangho Futura 1500 B251XHU;Intel core i3-2330M 2.20Ghz;SSD Gigabyte 240Gb;Lectograbadora CD/DVD;Batería;Cargador;220272;3;Se realizó un cambio de disco HDD Seagate 1Tb por un disco SSD Gigabyte 240Gb. Se realizó la instalación de Windows 10 pro x64 y programas básicos con backup. Se realizó una limpieza interna y externa.;4400.0000;0.0000;4000.0000;8400.0000;27/6/2022 00:00:00;4000.0000;True;
164;103;6/7/2022 00:00:00;1;16Gb (2 x 8Gb) aDATA XPG 3600Mhz DDR4;Asus Prime B550M-K AM4 DDR4;Sentey K20 Lite Gamer;AMD Ryzen 5 5600X 4.6Ghz;SSD aDATA XPG 512Gb M.2;No tiene;Fuente Redragon RGPS-600W;Placa de video Gigabyte GeForce GTX 1660 6Gb DDR5;-;1;Se realizó el armado de los componentes y la instalación del sistema operativo (Windows 10 pro x64) junto a los programas básicos.;0.0000;0.0000;6000.0000;6000.0000;7/7/2022 00:00:00;6000.0000;True;
165;95;12/7/2022 00:00:00;1;8Gb DDR3 1600Mhz MarkVision (2 x 4Gb);MSI A68HM-E33 V2;Gabinete ATX Noga;AMD A8-7650K 3.30Ghz Radeon R7;SSD 240Gb Colorful + HDD 1Tb WD Blue;Lectograbadora CD/DVD;Fuente Sentey BXP600LS 600W;Video Nvidia GeForce GTX 1050Ti 4Gb DDR5;-;3;Se agregaron 2 modulos de RAM de 4Gb cada uno, un disco SSD de 240Gb Colorful y una placa de video Nvidia GeForce GTX1050Ti 4Gb DDR5. Se realizó la instalación de Windows 10 pro x64 con backup y programas básicos + 4 juegos descargados de plataforma;63000.0000;0.0000;6000.0000;69000.0000;13/7/2022 00:00:00;6000.0000;True;
166;96;18/7/2022 00:00:00;3;4Gb DDR4 1866Mhz (x 1);HP;HP 14cm-0045la;AMD A4-9125 2.30Ghz con gráficos Radeon R3;SSD 64Gb emmc;No tiene;Batería interna;Cargador;5CG9526XQM;3;Se desinstaló el software innecesario (antivirus, etc). Se instaló el paquete office (Excel, Power Point y Word). Se realizó la activación del sistema operativo y el paquete office. Se realizó una limpieza interna y externa del equipo, junto a un cambio de pasta térmica.;0.0000;0.0000;2000.0000;2000.0000;25/7/2022 00:00:00;2000.0000;True;
167;97;29/7/2022 00:00:00;4;2Gb DDR3 (x 1);Toshiba;Toshina NB505;Intel atom N455 1.66Ghz;SSD 120Gb Colorful;No tiene;Batería (en mal estado);Cargador;6B291812K;3;Se realizó una limpieza interna completa, con cambio de pasta térmica y revisión de pila (ok). Se instaló un SSD Colorful 120Gb y Windows 7 ultimate x64 junto con los drivers y programas básicos. Se realizó también una limpieza externa.;4217.0000;0.0000;5983.0000;10200.0000;6/8/2022 00:00:00;5983.0000;True;
168;98;26/7/2022 00:00:00;3;4Gb DDR3 1333Mhz (x 1 uni);Asus;Asus K53E;Intel core i3-2350M 2.30Ghz;SSD Patriot Burst 240Gb;Lectograbadora CD/DVD;Batería;Cargador;4968;3;Se realizó un cambio de teclado. Se reemplazo un HDD Hitachi 500Gb por un SSD Patriot Burst 240Gb. Se instaló windows 10 pro x64 y programas básicos. Se realizó una limpieza interna y cambio de pasta térmica.;11412.0000;0.0000;5072.0000;16484.0000;17/8/2022 00:00:00;5072.0000;True;
169;41;12/8/2022 00:00:00;13;-;-;DVR HikVision + 7 cámaras;-;-;-;2 x 12V 5A (1-7), 1 x 12V 2A (8), 1 x 12V 2A (mic);-;C08956921;2;Se realizó la migración a la aplicación EzViz en celulares y computadoras. También se reemplazo la fuente vieja de 12V 5A de las cámaras 1 a 7, por una nueva de iguales características.;2000.0000;0.0000;2000.0000;4000.0000;12/8/2022 00:00:00;2000.0000;True;
170;99;3/8/2022 00:00:00;1;Kingston HyperX 16Gb DDR3 1600Mhz (2 x 8Gb);Asus M5A78L-M/USB3;Sin marca color negro;AMD Bulldozer FX-8320 3.20Ghz;SSD Colorful 240Gb / HDD Hitachi 466Gb;Lectograbadora CD/DVD;Fuente EMP Electronics ATX700 700W;Video Nvidia GeForce GTX 1050 2Gb DDR5;-;3;Se realizó una limpieza completa. Se cambió la pasta térmica. Se reviso pila. Se reparó cable 12v de P4 (apretado por disipador). Se agregó un SSD Colroful 240Gb. Se realizó un formateo con backup, se instaló Windows 10 pro x64 y programas básicos. Falta la tapa metálica para sostener agregados PCI Express. Se entrega el equipo con un precinto en la placa de video para sostener la misma por falta de la chapa correspodiente.;6100.0000;0.0000;6500.0000;12600.0000;15/8/2022 00:00:00;6500.0000;True;
171;100;15/8/2022 00:00:00;1;2Gb DDR3 1333Mhz;HP;HP Slim negro;Intel Pentium E5800 3.2Ghz;SSD Western Digital Green 240Gb;Lectograbadora CD/DVD;HP Slim;-;-;3;Limpieza completa, cambio de pasta térmica y formateo sin backup. Se instaló Windows 10 pro x64 y programas básicos;0.0000;0.0000;4000.0000;4000.0000;20/8/2022 00:00:00;4000.0000;True;
172;100;15/8/2022 00:00:00;1;6Gb DDR3 1333Mhz;Asus H61M-K;Admiral Slim negro;Intel Core i5-3330 3Ghz;HDD Seagate 1Tb + SSD Corsair 120Gb;Lectograbadora CD/DVD;Sentey BCP-450W Slim;-;-;3;Limpieza completa, cambio de pasta térmica y formateo sin backup. Se instaló Windows 10 pro x64 y programas básicos;0.0000;0.0000;4000.0000;4000.0000;20/8/2022 00:00:00;4000.0000;True;
173;100;15/8/2022 00:00:00;1;8Gb DDR4 2133Mhz;Gigabyte H110M-H;Kelyx negro;Intel Core i5-7400 3Ghz;SSD Kingston 1Tb;Lectograbadora CD/DVD;Kelyx ATX 500W;-;-;3;Limpieza completa, cambio de pasta térmica y formateo sin backup. Se instaló Windows 10 pro x64 y programas básicos;0.0000;0.0000;4000.0000;4000.0000;20/8/2022 00:00:00;4000.0000;True;
174;100;15/8/2022 00:00:00;1;6Gb DDR3 1333Mhz;Gigabyte GA-H61M-DS2;OverCase negro;Intel Pentium G630 2.70Ghz;SSD Kingston 240Gb;Lectograbadora CD/DVD;Sentey BXP65-0R 650W;-;-;3;Limpieza completa, cambio de pasta térmica y formateo sin backup. Se instaló Windows 10 pro x64 y programas básicos;0.0000;0.0000;4000.0000;4000.0000;20/8/2022 00:00:00;4000.0000;True;
175;100;15/8/2022 00:00:00;1;4Gb DDR2 667Mhz;Asus M2N68-AM SE2;Bangho negro;AMD Athlon 64 x2;HDD Western Digital Blue 1Tb;Lectograbadora CD/DVD;Sentey XCP630-TS 630W;-;-;3;Limpieza completa, cambio de pasta térmica y formateo sin backup. Se instaló Windows 7 ultimate x64 y programas básicos;0.0000;0.0000;4000.0000;4000.0000;20/8/2022 00:00:00;4000.0000;True;
176;100;15/8/2022 00:00:00;1;2Gb DDR3 1333Mhz;Gigabyte GA-H61M-DS2;OverCase negro;Intel Pentium G630 2.70Ghz;HDD Western Digital Blue 500Gb;Lectograbadora CD/DVD;OverCase ATX 500W;-;-;3;Limpieza completa, cambio de pasta térmica y formateo sin backup. Se instaló Windows 10 pro x64 y programas básicos;0.0000;0.0000;4000.0000;4000.0000;20/8/2022 00:00:00;4000.0000;True;
177;100;15/8/2022 00:00:00;1;2Gb DDR3 1333Mhz;HP HiG41-uATX;HP 500B MT Negro;Intel Pentium E5800 3.2Ghz;HDD Samsung 500Gb;Lectograbadora CD/DVD;HP 300W;-;-;3;Limpieza completa, cambio de pasta térmica y formateo sin backup. Se instaló Windows 10 pro x64 y programas básicos;0.0000;0.0000;4000.0000;4000.0000;20/8/2022 00:00:00;4000.0000;True;
178;18;12/8/2022 00:00:00;6;-;-;Epson stylus TX-135;-;-;-;Cable power 8;-;NBHZ170860;3;Se limpiaron las almohadillas y se reseteó la memoria eeprom.;0.0000;1000.0000;1500.0000;2500.0000;25/8/2022 00:00:00;1500.0000;True;
179;101;6/9/2022 00:00:00;3;16Gb DDR4 3200Mhz;Lenovo;Lenovo Yoga slim 7;Intel i7-1165G7 2.8Ghz con gráficos IrisXe;SSD Samsung 477Gb;No tiene;Batería;Cargardor;LT10DXDG;3;Se realizó una limpieza de software y se instalaron los siguientes programas: Office 2019 (Word, Excel, PowerPoint y OneNote), Photoshop 20, VLC 2017, Chrome, TeamViewer, Visual C++, Silverlight y Winrar. ;0.0000;0.0000;3000.0000;3000.0000;7/9/2022 00:00:00;3000.0000;True;
180;102;16/9/2022 00:00:00;3;4Gb DDR3 (2 x 4Gb);Samsung;Samsung NP300E5C;Intel Celeron B815 1.60Ghz;SSD 240Gb;Lectograbadora CD/DVD;Batería;Cargador;MW2P98BCB00934R;3;Se realizó un cambio de disco HDD 465Gb por un disco SSD 240Gb. Se instaló Windows 10 pro x64 con programas básicos. Se realizó una limpieza interna y externa y se cambió la pasta térmica.;5000.0000;0.0000;4000.0000;9000.0000;27/9/2022 00:00:00;4000.0000;True;
181;75;23/9/2022 00:00:00;1;8Gb DDR3 1866Mhz;Asus M5A97 R2.0;Sentey;AMD FX-6300 3.5Ghz;SSD Kingston 120Gb + HDD 500Gb;Lectograbadora CD/DVD;Fuente Sentey BXP65-OR 650W;Video NVidia GeForce GTX 750 Ti 2Gb DDR5;-;3;Se realizó una limpieza completa. Se cambió la pasta térmica del microprocesador y de la placa de video. Se verificó la pila. Se realizó un formateo con backup. Se instaló Windows 10 pro x64 y programas básicos.;0.0000;0.0000;8000.0000;8000.0000;25/9/2022 00:00:00;8000.0000;True;
182;103;24/9/2022 00:00:00;1;16Gb (2 x 8Gb) aDATA XPG 3600Mhz DDR4;Asus Prime B550M-K AM4 DDR4;Sentey K20 Lite Gamer;AMD Ryzen 5 5600X 4.6Ghz;SSD aDATA XPG 512Gb M.2;No tiene;Fuente Redragon RGPS-600W;Placa de video Gigabyte GeForce GTX 1660 6Gb DDR5;-;3;Se instalaron las últimas actualizaciones de Windows 10 y se actualizó el driver de la placa de video. Se realizó una comprobación de errores, una optimización y una liberación de espacio del disco SSD principal. Se borraron archivos temporales.;0.0000;0.0000;500.0000;500.0000;26/9/2022 00:00:00;500.0000;True;
183;102;27/9/2022 00:00:00;4;2Gb DDR3 Samsung;Samsung;Samsung NP-NC110;Intel atom N570 1.66Ghz;HDD 297Gb;No tiene;Batería;Cargador;BA68-06881G10;3;Se realizó un cambio de pila, cambio de pasta térmica, limpieza interna y externa. También se realizó un formateo con backup, se instaló Windows 7 ultimate x86 con programas básicos.;1000.0000;0.0000;4000.0000;5000.0000;4/10/2022 00:00:00;4000.0000;True;
184;71;3/10/2022 00:00:00;3;4Gb DDR3 Kingston (2 x 2Gb);Toshiba;Toshiba Satellite C855-S5133;Intel core i3-2348M 2.30Ghz;SSD Kingston 480Gb;Lectograbadora CD/DVD;Batería (en mal estado);Cargador;4D201798Q;3;Se realizó una limpieza interna y cambio de pasta térmica. Se reemplazó un disco HDD 500Gb por un SSD Kingston 480Gb. Se instaló Windows 10 pro x64 y programas básicos con backup.;7500.0000;0.0000;4000.0000;11500.0000;5/10/2022 00:00:00;4000.0000;True;
185;102;11/10/2022 00:00:00;13;-;-;Ezviz C3TN wifi 1080p;-;-;-;12V 2A (1 x cámara);-;-;2;Se realizó la instalación de 2 cámaras de seguridad Ezviz C3TN wifi 1080p. También se realizó la instalación eléctrica de ambas cámaras. Se colocó un TpLink RE200 para extender la señal wifi al quincho y frente de la casa.;27500.0000;0.0000;8500.0000;36000.0000;11/10/2022 00:00:00;8500.0000;True;
186;71;14/10/2022 00:00:00;3;6Gb DDR3 Samsung 1600Mhz (1x2Gb + 1x4Gb);Asus;Asus N56V;Intel core i5-3230M 2.6Ghz;SSD Teamgroup 480Gb;Lectograbadora CD/DVD;Batería;Cargador;D7N0BC02819928A;3;Se realizó un cambio de disco HDD WD Black 500Gb por un SSD Teamgroup 480Gb. Se instaló Windows 10 pro x64 y programas básicos. Además se instalaron: Autocad 2021, Archicad 24 y Sketchup 2021. Se realizó backup de disco original.;7800.0000;0.0000;4000.0000;11800.0000;16/10/2022 00:00:00;4000.0000;True;
187;104;14/10/2022 00:00:00;6;-;-;Brother HL-1112;-;-;-;-;-;U63560B4N770114;3;Se realizaron los siguientes trabajos: Reemplazo del sensor de paso de papel en fusor. Remanufacturación del sistema de tracción de papel. Cambio de unidad de imágen. Mantenimiento general.;0.0000;15700.0000;1300.0000;17000.0000;25/10/2022 00:00:00;1300.0000;True;
188;106;11/11/2022 00:00:00;1;4Gb DDR2 800Mhz Nvidia (2 x 2Gb);Biostar N68VSM;Gabinete BRB Technology;AMD Phenom II X4 945 3Ghz;SSD Crucial 500Gb y HDD WD blue 500Gb;No tiene;Fuente Cromax 500W;-;-;3;Se realizó una limpieza completa, se agregó un disco ssd Crucial de 500Gb, se instaló Windows 10 pro x64, se realizó un backup, se reemplazó la pila CR2032 y se agrega un cable Sata para el disco hdd WD blue de 500Gb.;8000.0000;0.0000;5000.0000;13000.0000;14/11/2022 00:00:00;5000.0000;True;
189;23;22/11/2022 00:00:00;3;3 Gb DDR3 1066Ghz (1 x 2Gb + 1 x 1Gb);Ken Brown;Ken Brown;AMD C-50 1Ghz;SSD 240Gb;Lectograbadora CD/DVD;Sin batería;Cargador;-;3;Se realizó una limpieza interna y externa, se cambió la pasta térmica. Se colocó un SSD 240Gb. Se instaló Windows 10 pro x64 y programas básicos.;0.0000;0.0000;3000.0000;3000.0000;24/11/2022 00:00:00;3000.0000;True;
190;113;28/12/2022 00:00:00;1;12 Gb DDR3 Kingston HyperX (3 x 4Gb);Gigabyte GA-B85M-D3H-A;Gabinete Noga Stormer cases negro;Intel Core i5-4590 3.30Ghz;HDD Western Digital Blue 1Tb;Lectograbadora CD/DVD;Fuente EVGA 500W;-;-;3;Se realizó una limpieza completa de interior y exterior. Se cambió la pasta térmica, se verificó el voltaje de la pila. Se realizó un formateo con backup. Se instaló Windows 10 pro x64 junto con los programas básicos.;0.0000;0.0000;5000.0000;5000.0000;31/12/2022 00:00:00;5000.0000;True;
194;73;3/1/2023 00:00:00;3;3Gb DDR3 (1 x 1Gb Genérica + 1 x 2Gb Samsung);HP;HP G42-265LA;Intel Core i3 M 350 2.27Ghz;HDD Seagate 300Gb;Lectograbadora CD/DVD;Batería;Cargador;-;3;Se realizó un formateo con backup. Se instaló Windows 10 pro x64 y programas básicos. Se realizó un cambio de pasta térmica y una limpieza interna y externa. El backup realizado se copió a otra Notebook del mismo cliente (Lenovo Ideapad S145 15IIL).;0.0000;0.0000;8000.0000;8000.0000;4/1/2023 00:00:00;8000.0000;True;
196;49;4/1/2023 00:00:00;1;8Gb DDR4 1266Mhz Kingston HyperX;Asus prime A320M-K;Gabinete genérico negro;AMD Ryzen 3 3200G 3.6Ghz con gráficos Radeon Vega ;SSD Kingston 240Gb;No tiene;Fuente GameMax VP-500 500W;-;-;3;Equipo ingresó sin dar video. Se realizó una limpieza completa y se cambió la pasta térmica. Equipo funciona correctamente tanto por VGA como por  HDMI.;0.0000;0.0000;4000.0000;4000.0000;5/1/2023 00:00:00;4000.0000;True;
197;41;6/1/2023 00:00:00;1;2Gb DDR2 SuperTalent (2 x 1Gb);Gigabyte GA-G31M-S2C;Gabinete Sentey negro;Intel Pentium Dual-Core E5200 2.5Ghz;SSD 120Gb Kingston + HDD Sata WD 300Gb;Lectograbadora CD/DVD;Fuente LNZ XS550-PS 550W;HDD IDE (sin funcionar);-;3;Se realizó un cambio de fuente por corto en la anterior (mismo modelo). Se realizó una reparación en el conector de los coolers de la tapa izquierda del gabinete.;7500.0000;0.0000;2000.0000;9500.0000;9/1/2023 00:00:00;2000.0000;True;
198;74;22/1/2023 00:00:00;1;16Gb DDR3 Kingston (2 x 8Gb);AsRock FM2A88M Pro3+;Gabinete Sentey negro;AMD A10-7850K 3.7Ghz Con Radeon R7;SSD Kingston 240Gb + HDD WD Blue 1Tb;Lectograbadora CD/DVD;Fuente LNZ PX550-FS 550W;Se recibió sin tapa izquierda de gabinete;-;3;Se realizó una limpieza completa, cambio de pasta térmica y revisión de pila. Se realizó un formateo de ambos discos, se instaló Windows 10 pro x64 y programas básicos.;0.0000;0.0000;6000.0000;6000.0000;22/1/2023 00:00:00;6000.0000;True;
200;211;28/1/2023 00:00:00;13;-;-;DVR Dahua + 4 cámaras;-;-;-;-;-;-;3;Se realizó un cambio de fuentes. Equipo quedó funcionando con 1 fuente para DVR y 1 fuente para las 4 cámaras con un splitter 1x4.;2000.0000;0.0000;3000.0000;5000.0000;28/1/2023 00:00:00;3000.0000;True;
201;211;28/1/2023 00:00:00;3;4Gb DDR4 (1 x 4Gb);Acer;Acer Aspire 5 A515-54-36VC (Model. N18Q13);Intel i3-10110U 2.10Ghz;SSD PNY 240Gb;No tiene;Batería;Cargador;NXHMDAL00N141236647600;3;Se realizó una limpieza interna y externa. Se realizó un cambio de disco, se quito HDD WD 1Tb y se colocó un SSD PNY 240Gb.;7500.0000;0.0000;5000.0000;12500.0000;31/1/2023 00:00:00;5000.0000;True;
202;73;7/2/2023 00:00:00;3;6Gb DDR3;Asus;Asus X455L;Intel core i5-4210 2.4Ghz;HDD 1Tb / SSD 240Gb;No tiene;Batería C21N1401 (original);Cargador;E1N0WU161925033;3;Se realizó una limpieza interna y externa, se cambió la batería (alternativa) por una nueva original.;16500.0000;0.0000;3500.0000;20000.0000;11/2/2023 00:00:00;3500.0000;True;
203;73;7/2/2023 00:00:00;10;-;-;Sony PlayStation 4;-;-;-;-;-;02-27452463-2546918;3;Se realizó una limpieza interna y cambio de pasta térmica.;0.0000;5000.0000;2000.0000;7000.0000;11/2/2023 00:00:00;2000.0000;True;
204;212;11/2/2023 00:00:00;13;-;-;Sentey Prueba;-;-;-;-;-;-;3;Descripción Prueba;500.0000;500.0000;500.0000;1500.0000;11/2/2023 00:00:00;500.0000;False;
